Timestamp,Voltage (V),Current (A),Power (W),Energy Subscribed (kWh),Cumulative Energy Used (kWh),Remaining Energy (kWh),Predicted Time to Exhaustion (h)
9/19/2024 18:36,204.9671415,0.367690025,75.36437338,100,0.075364373,99.92463563,1325.886903
9/19/2024 18:36,198.617357,0.419912218,83.40185491,100,0.158766228,99.84123377,1257.713745
9/19/2024 18:36,206.4768854,0.379078208,78.27088771,100,0.237037116,99.76296288,1262.624578
9/19/2024 18:36,215.2302986,0.262601738,56.51985048,100,0.293556966,99.70644303,1358.597539
9/19/2024 18:36,197.6584663,0.358252969,70.8117324,100,0.364368699,99.6356313,1367.236423
9/19/2024 18:36,197.6586304,0.426603609,84.32188508,100,0.448690584,99.55130942,1331.224407
9/19/2024 18:36,215.7921282,0.352959079,76.16579082,100,0.524856375,99.47514363,1326.698196
9/19/2024 18:37,207.6743473,0.356962269,74.13190623,100,0.598988281,99.40101172,1327.585395
9/19/2024 18:37,195.3052561,0.400430779,78.20623584,100,0.677194517,99.32280548,1320.012533
9/19/2024 18:37,205.4256004,0.379661608,77.99221377,100,0.755186731,99.24481327,1314.175809
9/19/2024 18:37,195.3658231,0.42113013,82.27443448,100,0.837461165,99.16253883,1302.493743
9/19/2024 18:37,195.3427025,0.375128779,73.27866948,100,0.910739835,99.08926017,1305.610095
9/19/2024 18:37,202.4196227,0.415694756,84.14477567,100,0.99488461,99.00511539,1293.684199
9/19/2024 18:37,180.8671976,0.331859615,60.02251856,100,1.054907129,98.94509287,1313.131045
9/19/2024 18:37,182.7508217,0.444228851,81.18318754,100,1.136090316,98.86390968,1305.317565
9/19/2024 18:37,194.3771247,0.381121268,74.08125624,100,1.210171573,98.78982843,1306.126578
9/19/2024 18:37,189.8716888,0.471361519,89.49820765,100,1.29966978,98.70033022,1291.024566
9/19/2024 18:37,203.1424733,0.358725782,72.87244259,100,1.372542223,98.62745778,1293.435066
9/19/2024 18:38,190.9197592,0.439451092,83.89989666,100,1.456442119,98.54355788,1285.548924
9/19/2024 18:38,185.876963,0.441569402,82.0775794,100,1.538519699,98.4614803,1279.950856
9/19/2024 18:38,214.6564877,0.439009735,94.23628778,100,1.632755987,98.36724401,1265.168918
9/19/2024 18:38,197.742237,0.301768511,59.67238042,100,1.692428367,98.30757163,1277.907306
9/19/2024 18:38,200.675282,0.349994413,70.23522753,100,1.762663595,98.23733641,1281.843424
9/19/2024 18:38,185.7525181,0.422035774,78.39420775,100,1.841057802,98.1589422,1279.598397
9/19/2024 18:38,194.5561728,0.451497598,87.8416447,100,1.928899447,98.07110055,1271.075855
9/19/2024 18:38,201.1092259,0.362637984,72.92984424,100,2.001829291,97.99817071,1272.812047
9/19/2024 18:38,188.4900642,0.459807229,86.66909411,100,2.088498385,97.91150161,1265.794871
9/19/2024 18:38,203.7569802,0.394643794,80.41142772,100,2.168909813,97.83109019,1262.971152
9/19/2024 18:38,193.9936131,0.331001093,64.21209797,100,2.233121911,97.76687809,1269.6304
9/19/2024 18:39,197.0830625,0.376289756,74.1603375,100,2.307282249,97.69271775,1270.231041
9/19/2024 18:39,193.9829339,0.417818098,81.04958049,100,2.388331829,97.61166817,1266.977091
9/19/2024 18:39,218.5227818,0.321742984,70.30817189,100,2.458640001,97.54136,1269.532554
9/19/2024 18:39,199.8650278,0.411699799,82.28439177,100,2.540924393,97.45907561,1265.739943
9/19/2024 18:39,189.4228907,0.315945937,59.84739269,100,2.600771785,97.39922821,1273.304247
9/19/2024 18:39,208.2254491,0.39622456,82.50403695,100,2.683275822,97.31672418,1269.375782
9/19/2024 18:39,187.7915635,0.440820899,82.78244585,100,2.766058268,97.23394173,1265.491021
9/19/2024 18:39,202.088636,0.369511689,74.67411322,100,2.840732381,97.15926762,1265.481017
9/19/2024 18:39,180.4032988,0.4816383,86.88913815,100,2.92762152,97.07237848,1259.981988
9/19/2024 18:39,186.7181395,0.420647006,78.54242635,100,3.006163946,96.99383605,1258.334434
9/19/2024 18:39,201.9686124,0.38237851,77.22845708,100,3.083392403,96.9166076,1257.272444
9/19/2024 18:39,207.3846658,0.355547751,73.73515152,100,3.157127555,96.84287245,1257.648828
9/19/2024 18:40,201.7136828,0.455315708,91.8434083,100,3.248970963,96.75102904,1250.717001
9/19/2024 18:40,198.8435172,0.368886581,73.35070521,100,3.322321668,96.67767833,1251.275639
9/19/2024 18:40,196.988963,0.336070085,66.20209754,100,3.388523766,96.61147623,1254.500558
9/19/2024 18:40,185.2147801,0.420332418,77.85177637,100,3.466375542,96.53362446,1253.185942
9/19/2024 18:40,192.8015579,0.47189181,90.98147613,100,3.557357018,96.44264298,1247.094839
9/19/2024 18:40,195.3936123,0.419241337,81.91707926,100,3.639274097,96.3607259,1244.46634
9/19/2024 18:40,210.5712223,0.333495797,70.22461761,100,3.709498715,96.29050129,1245.975377
9/19/2024 18:40,203.4361829,0.436174961,88.73376914,100,3.798232484,96.20176752,1241.073744
9/19/2024 18:40,182.3695984,0.419779534,76.55502503,100,3.874787509,96.12521249,1240.393341
9/19/2024 18:40,203.2408397,0.305327684,62.05505488,100,3.936842564,96.06315744,1244.454394
9/19/2024 18:40,196.1491772,0.31609561,62.00189382,100,3.998844458,96.00115554,1248.37566
9/19/2024 18:41,193.23078,0.416352547,80.45212741,100,4.079296585,95.92070341,1246.243605
9/19/2024 18:41,206.1167629,0.313988145,64.71822004,100,4.144014805,95.85598519,1249.084148
9/19/2024 18:41,210.3099952,0.436840695,91.87196447,100,4.23588677,95.76411323,1243.42942
9/19/2024 18:41,209.3128012,0.332957481,69.69226303,100,4.305579033,95.69442097,1244.638069
9/19/2024 18:41,191.6078248,0.333237832,63.85097613,100,4.369430009,95.63056999,1247.517978
9/19/2024 18:41,196.9078762,0.349428815,68.80528584,100,4.438235295,95.56176471,1248.825712
9/19/2024 18:41,203.3126343,0.375290545,76.30130933,100,4.514536604,95.4854634,1247.889393
9/19/2024 18:41,209.7554513,0.400650775,84.03868412,100,4.598575288,95.40142471,1244.751934
9/19/2024 18:41,195.2082576,0.397902185,77.67379223,100,4.67624908,95.32375092,1243.464304
9/19/2024 18:41,198.1434102,0.398258262,78.91225017,100,4.755161331,95.24483867,1241.846404
9/19/2024 18:41,188.9366503,0.338962424,64.04242497,100,4.819203756,95.18079624,1244.269898
9/19/2024 18:42,188.0379338,0.415805895,78.18728136,100,4.897391037,95.10260896,1242.818253
9/19/2024 18:42,208.1252582,0.304594688,63.39384809,100,4.960784885,95.03921511,1245.276529
9/19/2024 18:42,213.5624003,0.356365062,76.10617802,100,5.036891063,94.96310894,1244.332091
9/19/2024 18:42,199.2798988,0.301807851,60.144238,100,5.097035301,94.9029647,1247.489621
9/19/2024 18:42,210.035329,0.381805508,80.19264549,100,5.177227947,94.82277205,1245.444196
9/19/2024 18:42,203.6163603,0.423461283,86.22364517,100,5.263451592,94.73654841,1241.926847
9/19/2024 18:42,193.5488025,0.275193014,53.26327832,100,5.31671487,94.68328513,1246.602483
9/19/2024 18:42,203.6139561,0.319050742,64.96318378,100,5.381678054,94.61832195,1248.291108
9/19/2024 18:42,215.3803657,0.308472504,66.43892072,100,5.448116975,94.55188303,1249.557528
9/19/2024 18:42,199.6417396,0.380250675,75.91390624,100,5.524030881,94.47596912,1248.498767
9/19/2024 18:42,215.6464366,0.390414369,84.19146747,100,5.608222348,94.39177765,1245.491194
9/19/2024 18:42,173.802549,0.432972728,75.25176377,100,5.683474112,94.31652589,1244.615406
9/19/2024 18:43,208.219025,0.360267132,75.01447096,100,5.758488583,94.24151142,1243.790756
9/19/2024 18:43,200.8704707,0.345325744,69.36574474,100,5.827854328,94.17214567,1244.240986
9/19/2024 18:43,197.0099265,0.396152842,78.04604229,100,5.90590037,94.09409963,1242.713102
9/19/2024 18:43,200.9176078,0.335882895,67.48478776,100,5.973385158,94.02661484,1243.533169
9/19/2024 18:43,180.1243109,0.434446009,78.25428799,100,6.051639446,93.94836055,1241.955822
9/19/2024 18:43,197.8032811,0.378372798,74.84338092,100,6.126482827,93.87351717,1241.1289
9/19/2024 18:43,203.5711257,0.317539689,64.64191194,100,6.191124739,93.80887526,1242.476625
9/19/2024 18:43,214.7789404,0.414791292,89.08843418,100,6.280213173,93.71978683,1238.611189
9/19/2024 18:43,194.8172978,0.375502224,73.1543286,100,6.353367501,93.6466325,1238.133498
9/19/2024 18:43,191.915064,0.375776123,72.1170987,100,6.4254846,93.5745154,1237.857423
9/19/2024 18:43,194.9824296,0.393479374,76.72156434,100,6.502206164,93.49779384,1236.62801
9/19/2024 18:44,209.1540212,0.315425258,65.9724611,100,6.568178626,93.43182137,1237.568118
9/19/2024 18:44,203.2875111,0.302707773,61.53670976,100,6.629715335,93.37028466,1239.357142
9/19/2024 18:44,194.702398,0.39745005,77.38447782,100,6.707099813,93.29290019,1237.952073
9/19/2024 18:44,205.1326743,0.370865442,76.07661992,100,6.783176433,93.21682357,1236.812016
9/19/2024 18:44,200.9707755,0.372531148,74.86787371,100,6.858044307,93.14195569,1235.908896
9/19/2024 18:44,209.6864499,0.411516119,86.28935407,100,6.944333661,93.05566634,1232.821135
9/19/2024 18:44,192.9794691,0.434633059,83.87525698,100,7.028208918,92.97179108,1230.23898
9/19/2024 18:44,196.7233785,0.424240627,83.45804944,100,7.111666967,92.88833303,1227.771681
9/19/2024 18:44,196.0789185,0.418182786,81.99682841,100,7.193663796,92.8063362,1225.606616
9/19/2024 18:44,185.3648505,0.46743987,86.64692162,100,7.280310717,92.71968928,1222.625039
9/19/2024 18:44,202.9612028,0.374368991,75.9823807,100,7.356293098,92.6437069,1221.598902
9/19/2024 18:45,202.6105527,0.349016186,70.71436235,100,7.42700746,92.57299254,1221.508571
9/19/2024 18:45,200.0511346,0.408623174,81.74552958,100,7.50875299,92.49124701,1219.46127
9/19/2024 18:45,197.6541287,0.430967737,,,,,
9/19/2024 18:45,185.8462926,0.405121915,,,,,
9/19/2024 18:45,195.7935468,0.43506017,,,,,
9/19/2024 18:45,196.5728548,0.370178463,,,,,
9/19/2024 18:45,191.9772273,0.426195214,,,,,
9/19/2024 18:45,198.3871429,0.396426318,,,,,
9/19/2024 18:45,204.0405086,0.328129033,,,,,
9/19/2024 18:45,218.861859,0.325223704,,,,,
9/19/2024 18:45,201.7457781,0.316546452,,,,,
9/19/2024 18:46,202.5755039,0.301768682,,,,,
9/19/2024 18:46,199.2555408,0.400110761,,,,,
9/19/2024 18:46,180.8122878,0.452922685,,,,,
9/19/2024 18:46,199.7348612,0.427368575,,,,,
9/19/2024 18:46,200.6023021,0.387714738,,,,,
9/19/2024 18:46,224.6324211,0.390629296,,,,,
9/19/2024 18:46,198.0763904,0.36549541,,,,,
9/19/2024 18:46,203.0154734,0.342678372,,,,,
9/19/2024 18:46,199.6528823,0.366897865,,,,,
9/19/2024 18:46,188.3132196,0.402597344,,,,,
9/19/2024 18:46,211.4282281,0.409287201,,,,,
9/19/2024 18:46,207.5193303,0.39124518,,,,,
9/19/2024 18:47,207.9103195,0.370046342,,,,,
9/19/2024 18:47,190.9061255,0.338361785,,,,,
9/19/2024 18:47,214.0279431,0.378964624,,,,,
9/19/2024 18:47,185.9814894,0.377767395,,,,,
9/19/2024 18:47,205.8685709,0.320502647,,,,,
9/19/2024 18:47,221.9045563,0.343369037,,,,,
9/19/2024 18:47,190.0946367,0.379620495,,,,,
9/19/2024 18:47,194.3370227,0.381389476,,,,,
1/6/2022 8:00,200.9965137,0.367808089,,,,,
1/6/2022 9:00,194.9652435,0.412953922,,,,,
1/6/2022 10:00,184.4933657,0.371634435,,,,,
1/6/2022 11:00,200.6856297,0.355917829,,,,,
1/6/2022 12:00,189.3769629,0.338356718,,,,,
1/6/2022 13:00,204.7359243,0.280773598,,,,,
1/6/2022 14:00,190.8057577,0.432889281,,,,,
1/6/2022 15:00,215.4993441,0.35971363,,,,,
1/6/2022 16:00,192.1674671,0.369558597,,,,,
1/6/2022 17:00,196.7793848,0.328783985,,,,,
1/6/2022 18:00,208.1351722,0.366631359,,,,,
1/6/2022 19:00,187.6913568,0.426252167,,,,,
1/6/2022 20:00,202.2745993,0.356466288,,,,,
1/6/2022 21:00,213.0714275,0.440178529,,,,,
1/6/2022 22:00,183.9251677,0.42484106,,,,,
1/6/2022 23:00,201.8463386,0.432628554,,,,,
1/7/2022 0:00,202.5988279,0.366137577,,,,,
1/7/2022 1:00,207.8182287,0.336424488,,,,,
1/7/2022 2:00,187.6304929,0.488163482,,,,,
1/7/2022 3:00,186.7954339,0.40760608,,,,,
1/7/2022 4:00,205.2194157,0.345858666,,,,,
1/7/2022 5:00,202.9698467,0.391358329,,,,,
1/7/2022 6:00,202.5049285,0.383458175,,,,,
1/7/2022 7:00,203.4644821,0.364270428,,,,,
1/7/2022 8:00,193.1997528,0.350091756,,,,,
1/7/2022 9:00,202.322537,0.358784683,,,,,
1/7/2022 10:00,202.9307247,0.419457076,,,,,
1/7/2022 11:00,192.8564858,0.398885133,,,,,
1/7/2022 12:00,218.6577451,0.379419138,,,,,
1/7/2022 13:00,204.7383292,0.377164776,,,,,
1/7/2022 14:00,188.086965,0.378181772,,,,,
1/7/2022 15:00,206.5655361,0.335352273,,,,,
1/7/2022 16:00,190.2531833,0.432249526,,,,,
1/7/2022 17:00,207.870846,0.40088169,,,,,
1/7/2022 18:00,211.5859558,0.449325485,,,,,
1/7/2022 19:00,191.7931768,0.4160745,,,,,
1/7/2022 20:00,209.6337613,0.375562125,,,,,
1/7/2022 21:00,204.1278093,0.418500927,,,,,
1/7/2022 22:00,208.2206016,0.403570488,,,,,
1/7/2022 23:00,218.9679298,0.332882462,,,,,
1/8/2022 0:00,197.5461188,0.382771286,,,,,
1/8/2022 1:00,192.4626384,0.373005628,,,,,
1/8/2022 2:00,191.1048557,0.32970464,,,,,
1/8/2022 3:00,191.8418972,0.492857014,,,,,
1/8/2022 4:00,199.2289829,0.419501366,,,,,
1/8/2022 5:00,203.4115197,0.416363702,,,,,
1/8/2022 6:00,202.766908,0.387568855,,,,,
1/8/2022 7:00,208.2718325,0.363211307,,,,,
1/8/2022 8:00,200.1300189,0.365796535,,,,,
1/8/2022 9:00,214.5353408,0.346488066,,,,,
1/8/2022 10:00,197.3534317,0.411954005,,,,,
1/8/2022 11:00,227.2016917,0.344316131,,,,,
1/8/2022 12:00,206.2566735,0.365613944,,,,,
1/8/2022 13:00,191.4284244,0.371868654,,,,,
1/8/2022 14:00,189.291075,0.490572128,,,,,
1/8/2022 15:00,204.8247242,0.400844025,,,,,
1/8/2022 16:00,197.7653721,0.395855592,,,,,
1/8/2022 17:00,207.1400049,0.415600401,,,,,
1/8/2022 18:00,204.7323762,0.364264834,,,,,
1/8/2022 19:00,199.2717109,0.454346806,,,,,
1/8/2022 20:00,191.5320628,0.400811854,,,,,
1/8/2022 21:00,184.8515278,0.467484111,,,,,
1/8/2022 22:00,195.5348505,0.389671624,,,,,
1/8/2022 23:00,208.5639879,0.368874418,,,,,
1/9/2022 0:00,202.1409374,0.351512389,,,,,
1/9/2022 1:00,187.5426122,0.412685685,,,,,
1/9/2022 2:00,201.7318093,0.350238598,,,,,
1/9/2022 3:00,203.8531738,0.332629354,,,,,
1/9/2022 4:00,191.1614256,0.377020361,,,,,
1/9/2022 5:00,201.5372511,0.295771137,,,,,
1/9/2022 6:00,200.5820872,0.448751901,,,,,
1/9/2022 7:00,188.570297,0.389123039,,,,,
1/9/2022 8:00,203.5778736,0.348656491,,,,,
1/9/2022 9:00,205.6078453,0.361754554,,,,,
1/9/2022 10:00,210.8305124,0.320837669,,,,,
1/9/2022 11:00,210.5380205,0.33977424,,,,,
1/9/2022 12:00,186.2233063,0.350595122,,,,,
1/9/2022 13:00,190.6217496,0.379973048,,,,,
1/9/2022 14:00,205.1503527,0.368944214,,,,,
1/9/2022 15:00,205.1378595,0.349904795,,,,,
1/9/2022 16:00,205.1504769,0.390171776,,,,,
1/9/2022 17:00,238.5273149,0.315978226,,,,,
1/9/2022 18:00,205.7089051,0.420743081,,,,,
1/9/2022 19:00,211.3556564,0.340365387,,,,,
1/9/2022 20:00,209.5400176,0.415849362,,,,,
1/9/2022 21:00,206.5139125,0.356329317,,,,,
1/9/2022 22:00,196.8473076,0.460890727,,,,,
1/9/2022 23:00,207.5896922,0.351637313,,,,,
1/10/2022 0:00,192.2717479,0.445623206,,,,,
1/10/2022 1:00,197.6318139,0.350678279,,,,,
1/10/2022 2:00,195.1463645,0.379201732,,,,,
1/10/2022 3:00,200.8187414,0.34999603,,,,,
1/10/2022 4:00,223.1465857,0.336892296,,,,,
1/10/2022 5:00,181.3273481,0.478226801,,,,,
1/10/2022 6:00,206.8626019,0.437257168,,,,,
1/10/2022 7:00,183.8728413,0.350077056,,,,,
1/10/2022 8:00,195.2806813,0.350043765,,,,,
1/10/2022 9:00,210.889506,0.333733184,,,,,
1/10/2022 10:00,200.6428002,0.387295454,,,,,
1/10/2022 11:00,189.2225522,0.362121184,,,,,
1/10/2022 12:00,192.8469629,0.403831568,,,,,
1/10/2022 13:00,206.7959775,0.375905447,,,,,
1/10/2022 14:00,192.6963337,0.432003475,,,,,
1/10/2022 15:00,202.1645859,0.397210114,,,,,
1/10/2022 16:00,200.4557184,0.379694418,,,,,
1/10/2022 17:00,193.4839965,0.331013217,,,,,
1/10/2022 18:00,221.4394409,0.347797549,,,,,
1/10/2022 19:00,206.3391902,0.381572196,,,,,
1/10/2022 20:00,179.7485741,0.486469816,,,,,
1/10/2022 21:00,201.8645431,0.358810857,,,,,
1/10/2022 22:00,193.3821354,0.396708025,,,,,
1/10/2022 23:00,208.5243333,0.325175324,,,,,
1/11/2022 0:00,192.0747926,0.388729857,,,,,
1/11/2022 1:00,198.8526356,0.387342728,,,,,
1/11/2022 2:00,205.0498728,0.282372686,,,,,
1/11/2022 3:00,208.6575519,0.354417826,,,,,
1/11/2022 4:00,187.9970359,0.410426294,,,,,
1/11/2022 5:00,196.6549876,0.472957478,,,,,
1/11/2022 6:00,195.2505469,0.411584588,,,,,
1/11/2022 7:00,193.4667077,0.478228076,,,,,
1/11/2022 8:00,217.6545424,0.333846315,,,,,
1/11/2022 9:00,204.0498171,0.38325107,,,,,
1/11/2022 10:00,187.3911605,0.482902737,,,,,
1/11/2022 11:00,209.1786195,0.366585458,,,,,
1/11/2022 12:00,221.221562,0.368492635,,,,,
1/11/2022 13:00,210.3246526,0.320054865,,,,,
1/11/2022 14:00,184.8063003,0.430161749,,,,,
1/11/2022 15:00,195.1576593,0.442961547,,,,,
1/11/2022 16:00,212.6691115,0.440566126,,,,,
1/11/2022 17:00,192.9233053,0.412026606,,,,,
1/11/2022 18:00,204.4381943,0.351719401,,,,,
1/11/2022 19:00,207.7463405,0.372636451,,,,,
1/11/2022 20:00,190.7306953,0.35898015,,,,,
1/11/2022 21:00,199.4047464,0.366055331,,,,,
1/11/2022 22:00,167.5873266,0.496612767,,,,,
1/11/2022 23:00,189.7561236,0.423867294,,,,,
1/12/2022 0:00,197.4743185,0.413545698,,,,,
1/12/2022 1:00,187.5221682,0.490120087,,,,,
1/12/2022 2:00,216.324113,0.303600154,,,,,
1/12/2022 3:00,185.6985862,0.410535427,,,,,
1/12/2022 4:00,195.5995551,0.416906884,,,,,
1/12/2022 5:00,201.3074058,0.416079861,,,,,
1/12/2022 6:00,214.4127329,0.357440197,,,,,
1/12/2022 7:00,185.6413785,0.396624782,,,,,
1/12/2022 8:00,211.6316375,0.410379501,,,,,
1/12/2022 9:00,200.1023306,0.334072448,,,,,
1/12/2022 10:00,190.1849135,0.384140915,,,,,
1/12/2022 11:00,204.6210347,0.362262547,,,,,
1/12/2022 12:00,201.990597,0.395753568,,,,,
1/12/2022 13:00,193.9978312,0.405349297,,,,,
1/12/2022 14:00,200.6980208,0.326089055,,,,,
1/12/2022 15:00,196.146864,0.380897672,,,,,
1/12/2022 16:00,201.1351735,0.355824453,,,,,
1/12/2022 17:00,206.6213067,0.442795488,,,,,
1/12/2022 18:00,215.8601682,0.310257575,,,,,
1/12/2022 19:00,187.621845,0.403360127,,,,,
1/12/2022 20:00,221.3303337,0.301944414,,,,,
1/12/2022 21:00,180.479122,0.480829132,,,,,
1/12/2022 22:00,198.482149,0.419892389,,,,,
1/12/2022 23:00,205.8831721,0.321298728,,,,,
1/13/2022 0:00,202.8099187,0.326303664,,,,,
1/13/2022 1:00,193.7730048,0.486024966,,,,,
1/13/2022 2:00,197.9187775,0.452875261,,,,,
1/13/2022 3:00,195.0699907,0.368336353,,,,,
1/13/2022 4:00,194.1063524,0.442672546,,,,,
1/13/2022 5:00,208.496021,0.348415353,,,,,
1/13/2022 6:00,203.5701549,0.350588502,,,,,
1/13/2022 7:00,193.070904,0.290868304,,,,,
1/13/2022 8:00,208.9959988,0.306987123,,,,,
1/13/2022 9:00,203.0729952,0.386821503,,,,,
1/13/2022 10:00,208.1286212,0.403390218,,,,,
1/13/2022 11:00,206.2962884,0.348006142,,,,,
1/13/2022 12:00,191.7100499,0.391510674,,,,,
1/13/2022 13:00,194.3981896,0.414031816,,,,,
1/13/2022 14:00,207.4729361,0.413097399,,,,,
1/13/2022 15:00,206.1037027,0.41040552,,,,,
1/13/2022 16:00,199.7909841,0.358319864,,,,,
1/13/2022 17:00,201.1732738,0.396505821,,,,,
1/13/2022 18:00,212.776649,0.320503205,,,,,
1/13/2022 19:00,194.0842861,0.340067613,,,,,
1/13/2022 20:00,205.4709738,0.391852896,,,,,
1/13/2022 21:00,197.9780735,0.420346524,,,,,
1/13/2022 22:00,197.823188,0.486519288,,,,,
1/13/2022 23:00,210.9877685,0.346506541,,,,,
1/14/2022 0:00,208.2541635,0.334283727,,1000,23.94064379,976.0593562,14020.62266
1/14/2022 1:00,208.1350964,0.409253036,,1000,24.02582371,975.9741763,11457.79633
1/14/2022 2:00,213.0547881,0.396574973,,1000,24.11031591,975.8896841,11550.05694
1/14/2022 3:00,200.2100384,0.352310036,,1000,24.18085191,975.8191481,13834.34085
1/14/2022 4:00,206.8195297,0.292485919,,1000,24.24134371,975.7586563,16130.42849
1/14/2022 5:00,196.8973324,0.417312519,,1000,24.32351143,975.6764886,11874.20642
1/14/2022 6:00,203.2416635,0.403027801,,1000,24.40542347,975.5945765,11910.27066
1/14/2022 7:00,198.6985695,0.352376302,,1000,24.47544014,975.5245599,13932.74775
1/14/2022 8:00,200.9699596,0.46811103,,1000,24.5695164,975.4304836,10368.50888
1/14/2022 9:00,205.9515703,0.361253824,,1000,24.64391719,975.3560828,13109.48515
1/14/2022 10:00,191.8177932,0.466625486,,1000,24.73342426,975.2665757,10895.97242
1/14/2022 11:00,220.9238728,0.368656042,,1000,24.81486918,975.1851308,11973.55373
1/14/2022 12:00,189.9398262,0.431856002,,1000,24.89689583,975.1031042,11887.63721
1/14/2022 13:00,187.8581139,0.460931486,,1000,24.98348555,975.0165144,11260.18792
1/14/2022 14:00,211.5811087,0.346502506,,1000,25.05679894,974.9432011,13298.29758
1/14/2022 15:00,207.9166269,0.307552076,,1000,25.12074413,974.8792559,15245.54467
1/14/2022 16:00,206.2411982,0.347564698,,1000,25.19242629,974.8075737,13599.02627
1/14/2022 17:00,206.2834551,0.392105531,,1000,25.27331117,974.7266888,12050.78927
1/14/2022 18:00,199.8775323,0.347038428,,1000,25.34267636,974.6573236,14051.10256
1/14/2022 19:00,191.0274563,0.403666356,,1000,25.41978771,974.5802123,12638.60794
1/14/2022 20:00,200.7580456,0.332905161,,1000,25.4866211,974.5133789,14581.23531
1/14/2022 21:00,193.2283829,0.446497247,,1000,25.57289704,974.427103,11294.30861
1/14/2022 22:00,209.7511973,0.4466023,,1000,25.66657241,974.3334276,10401.17009
1/14/2022 23:00,198.5294262,0.395489873,,1000,25.74508879,974.2549112,12408.30183
1/15/2022 0:00,191.745028,0.48475559,,1000,25.83803826,974.1619617,10480.55376
1/15/2022 1:00,196.7861416,0.411792864,,1000,25.91907339,974.0809266,12020.47731
1/15/2022 2:00,204.1293145,0.405134603,,1000,26.00177324,973.9982268,11777.50917
1/15/2022 3:00,194.3627545,0.37309702,,1000,26.0742894,973.9257106,13430.46363
1/15/2022 4:00,191.777796,0.464622199,,1000,26.16339363,973.8366064,10929.18599
1/15/2022 5:00,202.4368721,0.370997043,,1000,26.23849711,973.7615029,12965.59749
1/15/2022 6:00,202.4496657,0.333093992,,1000,26.30593187,973.6940681,14439.05135
1/15/2022 7:00,194.9305682,0.447568698,,1000,26.39317669,973.6068233,11159.47992
1/15/2022 8:00,195.2896169,0.365585703,,1000,26.46457179,973.5354282,13635.88731
1/15/2022 9:00,202.3204994,0.427208773,,1000,26.55100488,973.4489951,11262.45712
1/15/2022 10:00,185.5191566,0.367851511,,1000,26.61924838,973.3807516,14263.347
1/15/2022 11:00,185.9253623,0.415899092,,1000,26.69657457,973.3034254,12586.98292
1/15/2022 12:00,192.8155578,0.454499388,,1000,26.78420912,973.2157909,11105.38888
1/15/2022 13:00,197.8655285,0.429825777,,1000,26.86925683,973.1307432,11442.17529
1/15/2022 14:00,203.1090757,0.360677187,,1000,26.94251364,973.0574864,13282.82633
1/15/2022 15:00,214.7535622,0.401101807,,1000,27.02865168,972.9713483,11295.48952
1/15/2022 16:00,208.5765962,0.35143784,,1000,27.10195339,972.8980466,13272.51529
1/15/2022 17:00,198.4006147,0.391925328,,1000,27.17971161,972.8202884,12510.83439
1/15/2022 18:00,199.8098379,0.350237508,,1000,27.24969251,972.7503075,13900.22579
1/15/2022 19:00,189.9747064,0.430160529,,1000,27.33141213,972.6685879,11902.5099
1/15/2022 20:00,199.8148686,0.416323904,,1000,27.41459984,972.5854002,11691.45591
1/15/2022 21:00,197.1134136,0.377958377,,1000,27.48910051,972.5108995,13053.72091
1/15/2022 22:00,203.2271856,0.419739257,,1000,27.57440293,972.4255971,11399.74114
1/15/2022 23:00,191.7276906,0.355537685,,1000,27.64256935,972.3574306,14264.46398
1/16/2022 0:00,205.1934651,0.381459911,,1000,27.72084243,972.2791576,12421.62883
1/16/2022 1:00,215.3273891,0.388851236,,1000,27.80457276,972.1954272,11611.03184
1/16/2022 2:00,198.9123985,0.458820568,,1000,27.89583786,972.1041621,10651.43374
1/16/2022 3:00,204.0171172,0.413053923,,1000,27.98010793,972.0198921,11534.58025
1/16/2022 4:00,206.9014399,0.352789216,,1000,28.05310052,971.9468995,13315.69147
1/16/2022 5:00,195.9877953,0.42277957,,1000,28.13596016,971.8640398,11729.04068
1/16/2022 6:00,202.2409248,0.381694226,,1000,28.21315435,971.7868456,12588.85941
1/16/2022 7:00,200.125924,0.472803504,,1000,28.30777459,971.6922254,10269.39103
1/16/2022 8:00,200.976761,0.442855055,,1000,28.39677816,971.6032218,10916.4517
1/16/2022 9:00,192.2699022,0.357995033,,1000,28.46560983,971.5343902,14114.64214
1/16/2022 10:00,200.2451017,0.419540706,,1000,28.54962081,971.4503792,11563.37515
1/16/2022 11:00,204.9799829,0.385301303,,1000,28.62859986,971.3714001,12299.1014
1/16/2022 12:00,214.5114361,0.314586748,,1000,28.69608232,971.3039177,14393.42889
1/16/2022 13:00,209.5927083,0.376120968,,1000,28.77491453,971.2250855,12320.15513
1/16/2022 14:00,221.5318246,0.4024781,,1000,28.86407624,971.1359238,10891.84972
1/16/2022 15:00,192.3265244,0.420684239,,1000,28.94498497,971.055015,12001.85598
1/16/2022 16:00,208.7232064,0.334636721,,1000,29.01483142,970.9851686,13901.71122
1/16/2022 17:00,201.8334201,0.463835444,,1000,29.10844892,970.8915511,10370.83466
1/16/2022 18:00,221.8980293,0.323213475,,1000,29.18016935,970.8198307,13536.16797
1/16/2022 19:00,191.9170171,0.410831767,,1000,29.25901496,970.740985,12311.92224
1/16/2022 20:00,191.6027816,0.381638606,,1000,29.33213798,970.667862,13274.45013
1/16/2022 21:00,194.0060735,0.329216862,,1000,29.39600805,970.603992,15196.53854
1/16/2022 22:00,178.7610428,0.446718702,,1000,29.47586395,970.5241361,12153.44295
1/16/2022 23:00,194.7424498,0.448879567,,1000,29.56327985,970.4367201,11101.37454
1/17/2022 0:00,192.4086734,0.408363939,,1000,29.64185262,970.3581474,12349.80293
1/17/2022 1:00,201.5039379,0.453650516,,1000,29.73326498,970.266735,10614.17382
1/17/2022 2:00,203.4175598,0.401793662,,1000,29.81499687,970.1850031,11870.33662
1/17/2022 3:00,218.7617084,0.361874055,,1000,29.89416106,970.1058389,12254.35241
1/17/2022 4:00,209.5042384,0.411219242,,1000,29.98031323,970.0196868,11259.3756
1/17/2022 5:00,194.2309634,0.418928503,,1000,30.06168212,969.9383179,11920.26039
1/17/2022 6:00,191.0158533,0.376615661,,1000,30.13362168,969.8663783,13481.68313
1/17/2022 7:00,204.9191917,0.484098726,,1000,30.2328228,969.7671772,9775.768471
1/17/2022 8:00,186.7976679,0.337920216,,1000,30.29594551,969.7040545,15362.2061
1/17/2022 9:00,218.3145877,0.375519701,,1000,30.37792694,969.6220731,11827.33808
1/17/2022 10:00,211.7944012,0.378916937,,1000,30.45817942,969.5418206,12081.14379
1/17/2022 11:00,195.3082435,0.365060349,,1000,30.52947872,969.4705213,13597.19635
1/17/2022 12:00,182.8686547,0.481299608,,1000,30.61749333,969.3825067,11013.88153
1/17/2022 13:00,213.5387237,0.31033868,,1000,30.68376265,969.3162373,14626.92171
1/17/2022 14:00,198.8546015,0.413703974,,1000,30.76602959,969.2339704,11781.57331
1/17/2022 15:00,212.3781631,0.409849459,,1000,30.85307267,969.1469273,11134.10716
1/17/2022 16:00,184.0557234,0.420389704,,1000,30.9304478,969.0695522,12524.30256
1/17/2022 17:00,194.0062498,0.340101385,,1000,30.99642959,969.0035704,14685.92333
1/17/2022 18:00,200.052437,0.302627954,,1000,31.05697105,968.9430289,16004.61956
1/17/2022 19:00,200.4698059,0.459157132,,1000,31.14901819,968.8509818,10525.59557
1/17/2022 20:00,195.4993453,0.435994037,,1000,31.23425474,968.7657453,11365.61439
1/17/2022 21:00,206.2284993,0.314548784,,1000,31.29912367,968.7008763,14933.20406
1/17/2022 22:00,189.3237957,0.345328176,,1000,31.36450251,968.6354975,14815.73367
1/17/2022 23:00,198.5762051,0.446636607,,1000,31.45319391,968.5468061,10920.41369
1/18/2022 0:00,201.2029563,0.431998477,,1000,31.54011328,968.4598867,11142.049
1/18/2022 1:00,205.1443883,0.40901194,,1000,31.62401978,968.3759802,11541.13128
1/18/2022 2:00,207.1161488,0.357840567,,1000,31.69813434,968.3018657,13064.93441
1/18/2022 3:00,188.7535791,0.44444773,,1000,31.78202544,968.2179746,11541.36706
1/18/2022 4:00,184.6588583,0.384754736,,1000,31.85307381,968.1469262,13626.5888
1/18/2022 5:00,212.7767682,0.383861226,,1000,31.93475057,968.0652494,11852.39661
1/18/2022 6:00,203.3231401,0.420184857,,1000,32.02018387,967.9798161,11330.23965
1/18/2022 7:00,192.5151346,0.370420207,,1000,32.09149537,967.9085046,13572.96591
1/18/2022 8:00,215.5115198,0.332209349,,1000,32.16309031,967.8369097,13518.23029
1/18/2022 9:00,201.1567463,0.331243877,,1000,32.22972225,967.7702778,14524.11966
1/18/2022 10:00,211.7929718,0.372340756,,1000,32.3085814,967.6914186,12271.13599
1/18/2022 11:00,200.6751848,0.408939996,,1000,32.39064551,967.6093545,11790.89571
1/18/2022 12:00,220.6074792,0.331245052,,1000,32.46372065,967.5362794,13240.29393
1/18/2022 13:00,217.5534084,0.363893152,,1000,32.54288685,967.4571132,12220.58363
1/18/2022 14:00,197.5103585,0.368575704,,1000,32.61568436,967.3843156,13288.69889
1/18/2022 15:00,209.7157095,0.316989293,,1000,32.682162,967.317838,14551.02676
1/18/2022 16:00,206.4537595,0.352639985,,1000,32.75496585,967.2450342,13285.63015
1/18/2022 17:00,213.6863156,0.355976866,,1000,32.83103323,967.1689668,12714.63411
1/18/2022 18:00,190.3507654,0.357149866,,1000,32.89901699,967.100983,14225.47269
1/18/2022 19:00,206.8605146,0.393436955,,1000,32.98040356,967.0195964,11881.80782
1/18/2022 20:00,210.5842449,0.395333202,,1000,33.0636545,966.9363455,11614.71932
1/18/2022 21:00,182.4126051,0.368256202,,1000,33.13082907,966.8691709,14393.38019
1/18/2022 22:00,188.1674149,0.357454061,,1000,33.19809028,966.8019097,14373.84131
1/18/2022 23:00,179.6076782,0.44733946,,1000,33.27843588,966.7215641,12032.04087
1/19/2022 0:00,197.3059317,0.390462508,,1000,33.35547645,966.6445235,12547.21425
1/19/2022 1:00,207.1754226,0.460493617,,1000,33.45087941,966.5491206,10131.22783
1/19/2022 2:00,215.0235705,0.312945248,,1000,33.51817001,966.48183,14362.80498
1/19/2022 3:00,200.7409478,0.428788467,,1000,33.60424542,966.3957546,11227.31602
1/19/2022 4:00,216.2861555,0.420771834,,1000,33.69525254,966.3047475,10617.90246
1/19/2022 5:00,186.1989854,0.359389778,,1000,33.76217055,966.2378294,14439.1293
1/19/2022 6:00,182.9661756,0.370570835,,1000,33.82997248,966.1700275,14249.89008
1/19/2022 7:00,199.444523,0.364969473,,1000,33.90276364,966.0972364,13272.17759
1/19/2022 8:00,203.8406545,0.361649772,,1000,33.97648257,966.0235174,13104.14526
1/19/2022 9:00,199.6730525,0.370376571,,1000,34.05043679,965.9495632,13061.45283
1/19/2022 10:00,179.325579,0.444019043,,1000,34.13006076,965.8699392,12130.39133
1/19/2022 11:00,199.1087996,0.445406553,,1000,34.21874513,965.7812549,10890.09617
1/19/2022 12:00,186.955305,0.434862831,,1000,34.30004504,965.699955,11878.24092
1/19/2022 13:00,206.6967255,0.34194623,,1000,34.37072421,965.6292758,13662.14869
1/19/2022 14:00,203.6659825,0.319990827,,1000,34.43589545,965.5641045,14815.7993
1/19/2022 15:00,190.6012021,0.33509517,,1000,34.49976499,965.500235,15116.75519
1/19/2022 16:00,194.8613308,0.394829509,,1000,34.576702,965.423298,12548.23107
1/19/2022 17:00,189.4078648,0.408828385,,1000,34.65413731,965.3458627,12466.48129
1/19/2022 18:00,199.373209,0.386399834,,1000,34.73117508,965.2688249,12529.81185
1/19/2022 19:00,209.5514232,0.293478616,,1000,34.79267395,965.2073261,15694.71859
1/19/2022 20:00,190.1427395,0.46222449,,1000,34.88056258,965.1194374,10981.16364
1/19/2022 21:00,205.0404652,0.301874143,,1000,34.94245899,965.057541,15591.49338
1/19/2022 22:00,194.6974238,0.486025172,,1000,35.03708684,964.9629132,10197.45165
1/19/2022 23:00,192.0712717,0.402039744,,1000,35.11430712,964.8856929,12495.23613
1/20/2022 0:00,198.9296964,0.34464871,,1000,35.18286799,964.817132,14072.41807
1/20/2022 1:00,189.6475768,0.388072393,,1000,35.25646498,964.743535,13108.46475
1/20/2022 2:00,194.4635069,0.400819409,,1000,35.33440972,964.6655903,12376.27443
1/20/2022 3:00,188.0212211,0.370788403,,1000,35.40412581,964.5958742,13836.05848
1/20/2022 4:00,219.6472513,0.418910717,,1000,35.4961384,964.5038616,10482.30343
1/20/2022 5:00,200.3526355,0.416327495,,1000,35.57955071,964.4204493,11562.08766
1/20/2022 6:00,193.0027449,0.425981732,,1000,35.66176636,964.3382336,11729.37644
1/20/2022 7:00,202.1397991,0.386916239,,1000,35.73997753,964.2600225,12328.92963
1/20/2022 8:00,198.8767195,0.392886616,,1000,35.81811353,964.1818865,12339.79051
1/20/2022 9:00,197.790304,0.357741493,,1000,35.88887133,964.1111287,13625.51052
1/20/2022 10:00,206.141667,0.411886067,,1000,35.97377821,964.0262218,11353.92345
1/20/2022 11:00,207.5750771,0.402612756,,1000,36.05735058,963.9426494,11534.22602
1/20/2022 12:00,194.6949885,0.36014173,,1000,36.12746837,963.8725316,13746.47621
1/20/2022 13:00,194.2418176,0.418471584,,1000,36.20875305,963.7912469,11856.98502
1/20/2022 14:00,197.249483,0.36450214,,1000,36.28065091,963.7193491,13404.00628
1/20/2022 15:00,176.9807884,0.441927701,,1000,36.35886362,963.6411364,12320.77369
1/20/2022 16:00,184.8480894,0.362844687,,1000,36.42593477,963.5740652,14366.44676
1/20/2022 17:00,213.6687427,0.372204938,,1000,36.50546333,963.4945367,12115.07569
1/20/2022 18:00,216.4496771,0.387083669,,1000,36.58924747,963.4107525,11498.72526
1/20/2022 19:00,197.5096396,0.412755569,,1000,36.67077067,963.3292293,11816.62627
1/20/2022 20:00,205.7655696,0.323004316,,1000,36.73723384,963.2627662,14493.18184
1/20/2022 21:00,203.1125015,0.40369562,,1000,36.81922946,963.1807705,11746.73337
1/20/2022 22:00,230.7888081,0.304342336,,1000,36.88946827,963.1105317,13711.94359
1/20/2022 23:00,211.1957491,0.368274583,,1000,36.9672463,963.0327537,12381.8101
1/21/2022 0:00,198.7208241,0.39154683,,1000,37.0450548,962.9549452,12375.9594
1/21/2022 1:00,190.4445956,0.447804166,,1000,37.13033669,962.8696633,11290.43621
1/21/2022 2:00,183.9355368,0.445796081,,1000,37.21233443,962.7876656,11741.6364
1/21/2022 3:00,202.0346364,0.343634854,,1000,37.28176057,962.7182394,13866.79715
1/21/2022 4:00,192.4364925,0.301236594,,1000,37.33972949,962.6602705,16606.4915
1/21/2022 5:00,185.7774629,0.380921052,,1000,37.41049603,962.589504,13602.32413
1/21/2022 6:00,193.5342712,0.435168293,,1000,37.49471601,962.505284,11428.46746
1/21/2022 7:00,189.18452,0.394352462,,1000,37.56932139,962.4306786,12900.28496
1/21/2022 8:00,216.8714164,0.420156709,,1000,37.66044137,962.3395586,10561.23534
1/21/2022 9:00,208.8163976,0.331923154,,1000,37.72975237,962.2702476,13883.37041
1/21/2022 10:00,199.9202736,0.44178219,,1000,37.81807359,962.1819264,10894.11997
1/21/2022 11:00,214.7994414,0.329242008,,1000,37.88879459,962.1112054,13604.32138
1/21/2022 12:00,200.7736831,0.373769697,,1000,37.9638377,962.0361623,12819.77855
1/21/2022 13:00,191.387158,0.446514572,,1000,38.04929486,961.9507051,11256.52621
1/21/2022 14:00,215.2312408,0.320627605,,1000,38.11830394,961.8816961,13938.48079
1/21/2022 15:00,205.3891004,0.309569196,,1000,38.18188608,961.8181139,15127.17459
1/21/2022 16:00,189.6275385,0.412827536,,1000,38.26016954,961.7398305,12285.35012
1/21/2022 17:00,198.0966132,0.474308687,,1000,38.35412849,961.6458715,10234.74536
1/21/2022 18:00,191.2438175,0.39214535,,1000,38.42912386,961.5708761,12821.7359
1/21/2022 19:00,186.1720027,0.469573654,,1000,38.51654533,961.4834547,10998.25342
1/21/2022 20:00,209.2617755,0.361133915,,1000,38.59211685,961.4078831,12721.82734
1/21/2022 21:00,219.0941664,0.321622089,,1000,38.66258238,961.3374176,13642.66337
1/21/2022 22:00,186.0143243,0.404691674,,1000,38.73786083,961.2621392,12769.42022
1/21/2022 23:00,205.6296924,0.389870971,,1000,38.81802987,961.1819701,11989.43976
1/22/2022 0:00,193.4935743,0.406320485,,1000,38.89665028,961.1033497,12224.60472
1/22/2022 1:00,195.1287462,0.501071676,,1000,38.99442377,961.0055762,9828.897359
1/22/2022 2:00,194.0760608,0.409890452,,1000,39.07397369,960.9260263,12079.53414
1/22/2022 3:00,191.3600923,0.431428531,,1000,39.15653189,960.8434681,11638.37664
1/22/2022 4:00,200.4852163,0.347088964,,1000,39.2261181,960.7738819,13806.95882
1/22/2022 5:00,191.6904988,0.432757792,,1000,39.30907366,960.6909263,11580.79051
1/22/2022 6:00,202.7045683,0.411148982,,1000,39.39241543,960.6075846,11526.12317
1/22/2022 7:00,199.4976189,0.386592074,,1000,39.46953963,960.5304604,12454.33316
1/22/2022 8:00,197.6105195,0.411874848,,1000,39.55093043,960.4490696,11800.46194
1/22/2022 9:00,190.9243634,0.423801634,,1000,39.63184449,960.3681555,11868.99024
1/22/2022 10:00,194.2322867,0.420263589,,1000,39.71347325,960.2865268,11764.07129
1/22/2022 11:00,207.5539123,0.405018396,,1000,39.7975364,960.2024636,11422.39417
1/22/2022 12:00,205.0091719,0.376877487,,1000,39.87479974,960.1252003,12426.65903
1/22/2022 13:00,190.2244476,0.343860441,,1000,39.94021041,960.0597896,14677.4204
1/22/2022 14:00,200.9933231,0.334479974,,1000,40.00743865,959.9925614,14279.60246
1/22/2022 15:00,207.5138712,0.41241976,,1000,40.09302147,959.9069785,11216.11753
1/22/2022 16:00,183.3059472,0.37010436,,1000,40.1608638,959.8391362,14148.0862
1/22/2022 17:00,205.4336019,0.423108053,,1000,40.24778441,959.7522156,11041.71038
1/22/2022 18:00,193.3737624,0.330854697,,1000,40.31176303,959.688237,15000.14026
1/22/2022 19:00,205.7059867,0.338852082,,1000,40.38146693,959.6185331,13767.07052
1/22/2022 20:00,192.3674084,0.405120062,,1000,40.45939883,959.5406012,12312.55294
1/22/2022 21:00,181.951179,0.436993147,,1000,40.53891024,959.4610898,12066.95982
1/22/2022 22:00,183.7245756,0.457117687,,1000,40.622894,959.377106,11423.36549
1/22/2022 23:00,200.4808495,0.383450344,,1000,40.69976845,959.3002316,12478.79136
1/23/2022 0:00,202.597225,0.418362657,,1000,40.78452756,959.2154724,11316.95974
1/23/2022 1:00,190.9568337,0.336673322,,1000,40.84881763,959.1511824,14919.11827
1/23/2022 2:00,206.3859246,0.340703434,,1000,40.91913403,959.080866,13639.50598
1/23/2022 3:00,183.3847994,0.422240204,,1000,40.99656646,959.0034335,12385.03518
1/23/2022 4:00,199.339202,0.353905604,,1000,41.06711372,958.9328863,13592.7728
1/23/2022 5:00,187.889838,0.334784294,,1000,41.13001629,958.8699837,15243.73381
1/23/2022 6:00,193.4816389,0.36267147,,1000,41.20018656,958.7998134,13663.90365
1/23/2022 7:00,200.4739867,0.323194908,,1000,41.26497873,958.7350213,14797.08112
1/23/2022 8:00,191.3958663,0.396619852,,1000,41.34089013,958.6591099,12628.658
1/23/2022 9:00,196.1544446,0.421777729,,1000,41.42362371,958.5763763,11586.30415
1/23/2022 10:00,210.0629281,0.370216535,,1000,41.50139248,958.4986075,12324.98102
1/23/2022 11:00,194.2310813,0.426122753,,1000,41.58415876,958.4158412,11579.78593
1/23/2022 12:00,208.3569211,0.30149409,,1000,41.64697714,958.3530229,15255.93335
1/23/2022 13:00,188.7029315,0.401311011,,1000,41.7227057,958.2772943,12654.10621
1/23/2022 14:00,205.2980418,0.32763522,,1000,41.78996857,958.2100314,14245.75021
1/23/2022 15:00,214.4156862,0.355381239,,1000,41.86616788,958.1338321,12574.04831
1/23/2022 16:00,175.283555,0.389833624,,1000,41.93449931,958.0655007,14020.86261
1/23/2022 17:00,192.0310474,0.408852877,,1000,42.01301175,957.9869882,12201.72131
1/23/2022 18:00,205.7707213,0.384946088,,1000,42.09222239,957.9077776,12093.17142
1/23/2022 19:00,197.9695461,0.420098002,,1000,42.175389,957.824611,11516.93693
1/23/2022 20:00,203.7114587,0.336002963,,1000,42.24383665,957.7561633,13992.5346
1/23/2022 21:00,193.9601481,0.39376308,,1000,42.320211,957.679789,12539.2864
1/23/2022 22:00,200.8658979,0.372551386,,1000,42.39504387,957.6049561,12796.58222
1/23/2022 23:00,198.4432276,0.430317836,,1000,42.48043753,957.5195625,11213.00527
1/24/2022 0:00,211.6778206,0.374554699,,1000,42.55972245,957.4402776,12075.94393
1/24/2022 1:00,202.5442084,0.355199093,,1000,42.63166597,957.368334,13307.22134
1/24/2022 2:00,203.3760266,0.325828986,,1000,42.69793177,957.3020682,14446.39624
1/24/2022 3:00,195.8812303,0.382087909,,1000,42.77277562,957.2272244,12789.65778
1/24/2022 4:00,195.1239378,0.425222661,,1000,42.85574674,957.1442533,11535.87239
1/24/2022 5:00,195.6744181,0.39832821,,1000,42.93368938,957.0663106,12279.11067
1/24/2022 6:00,203.9445214,0.353030071,,1000,43.00568793,956.9943121,13291.85557
1/24/2022 7:00,195.7901552,0.296731007,,1000,43.06378494,956.9362151,16471.35052
1/24/2022 8:00,202.8977486,0.282337479,,1000,43.12107058,956.8789294,16703.64419
1/24/2022 9:00,220.754008,0.399595858,,1000,43.20928297,956.790717,10846.44399
1/24/2022 10:00,208.711247,0.331109081,,1000,43.27838916,956.7216108,13844.22468
1/24/2022 11:00,196.7397647,0.407758503,,1000,43.35861147,956.6413885,11924.87931
1/24/2022 12:00,212.0121392,0.36748855,,1000,43.4365235,956.5634765,12277.48054
1/24/2022 13:00,195.9192463,0.423768239,,1000,43.51954786,956.4804521,11520.48051
1/24/2022 14:00,179.6187546,0.496101528,,1000,43.608657,956.391343,10732.80876
1/24/2022 15:00,189.9191369,0.384263504,,1000,43.68163599,956.318364,13104.02245
1/24/2022 16:00,181.2920808,0.410638946,,1000,43.75608158,956.2439184,12844.87009
1/24/2022 17:00,196.4848652,0.384076139,,1000,43.83154673,956.1684533,12670.33158
1/24/2022 18:00,200.1841838,0.410739023,,1000,43.91377018,956.0862298,11627.90127
1/24/2022 19:00,216.7643731,0.357699042,,1000,43.99130659,956.0086934,12329.80366
1/24/2022 20:00,203.2692737,0.377168795,,1000,44.06797342,955.9320266,12468.65252
1/24/2022 21:00,197.8089947,0.319956575,,1000,44.13126371,955.8687363,15102.92904
1/24/2022 22:00,208.2940558,0.365254531,,1000,44.20734405,955.7926559,12562.93755
1/24/2022 23:00,177.8886469,0.469400932,,1000,44.29084515,955.7091548,11445.4683
1/25/2022 0:00,202.3561456,0.392407034,,1000,44.37025113,955.6297489,12034.73353
1/25/2022 1:00,207.7086519,0.343756276,,1000,44.44165228,955.5583477,13382.95408
1/25/2022 2:00,185.2141375,0.365134711,,1000,44.50928039,955.4907196,14128.6029
1/25/2022 3:00,211.4375404,0.38331973,,1000,44.59032857,955.4096714,11788.16921
1/25/2022 4:00,203.3849641,0.350179215,,1000,44.66154976,955.3384502,13413.68334
1/25/2022 5:00,195.8471209,0.315018261,,1000,44.72324518,955.2767548,15483.75493
1/25/2022 6:00,206.3278187,0.364792272,,1000,44.79851197,955.201488,12690.87524
1/25/2022 7:00,222.7069286,0.374691331,,1000,44.88195833,955.1180417,11445.89282
1/25/2022 8:00,201.8186626,0.365186627,,1000,44.9556598,955.0443402,12958.27959
1/25/2022 9:00,202.4822059,0.383377619,,1000,45.03328695,954.9667131,12301.96859
1/25/2022 10:00,195.406391,0.396368618,,1000,45.11073991,954.8892601,12328.63466
1/25/2022 11:00,191.5015563,0.422915608,,1000,45.19172891,954.8082711,11789.35788
1/25/2022 12:00,208.3033582,0.421064866,,1000,45.27943813,954.7205619,10885.06431
1/25/2022 13:00,191.4391617,0.436179278,,1000,45.36293993,954.6370601,11432.53335
1/25/2022 14:00,200.7156624,0.300908254,,1000,45.42333693,954.5766631,15805.03455
1/25/2022 15:00,195.2234255,0.456229116,,1000,45.51240354,954.4875965,10716.55907
1/25/2022 16:00,204.7897983,0.415031915,,1000,45.59739784,954.4026022,11229.01862
1/25/2022 17:00,203.3366211,0.391224274,,1000,45.67694806,954.3230519,11996.48511
1/25/2022 18:00,210.3753994,0.365323166,,1000,45.75380307,954.2461969,12416.18778
1/25/2022 19:00,194.899836,0.371301628,,1000,45.8261697,954.1738303,13185.27446
1/25/2022 20:00,197.3012506,0.402583869,,1000,45.9056,954.0944,12011.71831
1/25/2022 21:00,190.2123628,0.447534906,,1000,45.99072667,954.0092733,11206.93727
1/25/2022 22:00,195.5570674,0.371240244,,1000,46.06332532,953.9366747,13139.86732
1/25/2022 23:00,203.7730049,0.381148326,,1000,46.14099306,953.8590069,12281.27675
1/26/2022 0:00,207.5698862,0.269972508,,1000,46.19703122,953.8029688,17020.59669
1/26/2022 1:00,190.7783468,0.383448172,,1000,46.27018483,953.7298152,13037.35848
1/26/2022 2:00,208.6960592,0.362711176,,1000,46.34588123,953.6541188,12598.409
1/26/2022 3:00,213.5563786,0.423221476,,1000,46.43626287,953.5637371,10550.41353
1/26/2022 4:00,204.134349,0.313785924,,1000,46.50031736,953.4996826,14885.7598
1/26/2022 5:00,218.7679581,0.287352222,,1000,46.56318082,953.4368192,15166.78905
1/26/2022 6:00,192.262108,0.362988989,,1000,46.63296984,953.3670302,13660.70077
1/26/2022 7:00,187.553453,0.453509673,,1000,46.71802715,953.2819729,11207.52616
1/26/2022 8:00,182.2127975,0.460391245,,1000,46.80191633,953.1980837,11362.58717
1/26/2022 9:00,214.9604431,0.371264807,,1000,46.88172357,953.1182764,11942.7534
1/26/2022 10:00,206.5436566,0.303771897,,1000,46.94446573,953.0555343,15190.03423
1/26/2022 11:00,199.4441533,0.41086581,,1000,47.02641052,952.9735895,11629.46007
1/26/2022 12:00,202.7996863,0.424617338,,1000,47.11252278,952.8874772,11065.64205
1/26/2022 13:00,188.7451095,0.404776372,,1000,47.18892234,952.8110777,12471.42091
1/26/2022 14:00,224.4575198,0.331297713,,1000,47.2632846,952.7367154,12812.09956
1/26/2022 15:00,201.2922118,0.371680212,,1000,47.33810093,952.6618991,12733.34144
1/26/2022 16:00,201.0939479,0.377737534,,1000,47.41406167,952.5859383,12540.50497
1/26/2022 17:00,207.2576662,0.359173197,,1000,47.48850306,952.5114969,12795.45408
1/26/2022 18:00,204.8100923,0.303266968,,1000,47.5506152,952.4493848,15334.3525
1/26/2022 19:00,202.2388402,0.458724339,,1000,47.64338708,952.3566129,10265.57434
1/26/2022 20:00,192.0952554,0.42121611,,1000,47.72430069,952.2756993,11769.0414
1/26/2022 21:00,204.7146836,0.329196639,,1000,47.79169208,952.2083079,14129.52556
1/26/2022 22:00,218.820245,0.345498779,,1000,47.86729421,952.1327058,12593.99356
1/26/2022 23:00,213.4542005,0.358190125,,1000,47.94375139,952.0562486,12452.14857
1/27/2022 0:00,215.9318663,0.376358432,,1000,48.02501917,951.9749808,11714.05195
1/27/2022 1:00,194.8878432,0.467704454,,1000,48.11616909,951.8838309,10443.05811
1/27/2022 2:00,190.1039518,0.419229775,,1000,48.19586632,951.8041337,11942.74947
1/27/2022 3:00,198.7421308,0.371780094,,1000,48.26975469,951.7302453,12880.65051
1/27/2022 4:00,200.5572491,0.373840636,,1000,48.34473114,951.6552689,12692.72252
1/27/2022 5:00,210.9419152,0.383754884,,1000,48.42568113,951.5743189,11755.08876
1/27/2022 6:00,183.0753537,0.349167363,,1000,48.48960507,951.5103949,14885.04021
1/27/2022 7:00,215.2955032,0.375256755,,1000,48.57039616,951.4296038,11776.41719
1/27/2022 8:00,198.419921,0.398538335,,1000,48.64947411,951.3505259,12030.54184
1/27/2022 9:00,195.7311893,0.378672916,,1000,48.72359221,951.2764078,12834.60322
1/27/2022 10:00,189.8789562,0.414745743,,1000,48.80234369,951.1976563,12078.47204
1/27/2022 11:00,183.4514333,0.428860127,,1000,48.8810187,951.1189813,12089.21413
1/27/2022 12:00,208.2317058,0.388133292,,1000,48.96184036,951.0381596,11767.12022
1/27/2022 13:00,200.7331797,0.335134707,,1000,49.02911301,950.970887,14136.06886
1/27/2022 14:00,187.100391,0.357422395,,1000,49.09598688,950.9040131,14219.36574
1/27/2022 15:00,187.0492123,0.401107572,,1000,49.17101374,950.8289863,12673.18191
1/27/2022 16:00,196.642153,0.387649628,,1000,49.24724199,950.752758,12472.44511
1/27/2022 17:00,216.6902153,0.315880674,,1000,49.31569025,950.6843098,13889.09568
1/27/2022 18:00,197.4040865,0.348270126,,1000,49.38444019,950.6155598,13827.14627
1/27/2022 19:00,184.9685705,0.413212656,,1000,49.46087155,950.5391285,12436.50774
1/27/2022 20:00,197.5425694,0.405070119,,1000,49.54089014,950.4591099,11877.97843
1/27/2022 21:00,197.2727643,0.391987769,,1000,49.61821865,950.3817814,12290.18601
1/27/2022 22:00,173.0311336,0.422359145,,1000,49.69129993,950.3087001,13003.44875
1/27/2022 23:00,199.4570513,0.38349642,,1000,49.767791,950.232209,12422.78698
1/28/2022 0:00,197.6906547,0.401037751,,1000,49.84707241,950.1529276,11984.56057
1/28/2022 1:00,206.9620636,0.355039177,,1000,49.92055205,950.0794479,12929.8325
1/28/2022 2:00,218.4895609,0.303616982,,1000,49.98688919,950.0131108,14320.98362
1/28/2022 3:00,211.2656503,0.387434519,,1000,50.0687408,949.9312592,11605.52995
1/28/2022 4:00,197.3111131,0.368987172,,1000,50.14154607,949.8584539,13046.56187
1/28/2022 5:00,188.9347409,0.394407985,,1000,50.21606344,949.7839366,12745.80587
1/28/2022 6:00,225.733598,0.336357397,,1000,50.2919906,949.7080094,12508.1452
1/28/2022 7:00,200.5921843,0.364043364,,1000,50.36501486,949.6349851,13004.37784
1/28/2022 8:00,200.1392929,0.406643089,,1000,50.44640012,949.5535999,11667.39035
1/28/2022 9:00,199.7587491,0.389445691,,1000,50.5241953,949.4758047,12204.81468
1/28/2022 10:00,201.9808476,0.319595565,,1000,50.58874749,949.4112525,14707.6552
1/28/2022 11:00,198.5563959,0.412427484,,1000,50.6706376,949.3293624,11592.72234
1/28/2022 12:00,194.2633799,0.463335848,,1000,50.76064679,949.2393532,10546.0273
1/28/2022 13:00,194.5314106,0.351974435,,1000,50.82911687,949.1708831,13862.56357
1/28/2022 14:00,199.6724673,0.396936614,,1000,50.90837418,949.0916258,11974.81456
1/28/2022 15:00,194.5657523,0.394907099,,1000,50.98520958,949.0147904,12351.27075
1/28/2022 16:00,192.8715422,0.459255304,,1000,51.07378686,948.9262131,10712.97546
1/28/2022 17:00,201.0643023,0.364480092,,1000,51.1470708,948.8529292,12947.6252
1/28/2022 18:00,197.4502278,0.346594725,,1000,51.215506,948.784494,13863.98214
1/28/2022 19:00,215.0399299,0.344557018,,1000,51.28959952,948.7104005,12804.22956
1/28/2022 20:00,173.4903019,0.421958935,,1000,51.3628053,948.6371947,12958.50075
1/28/2022 21:00,210.9150685,0.381478474,,1000,51.44326486,948.5567351,11789.23615
1/28/2022 22:00,212.4608519,0.464846833,,1000,51.54202662,948.4579734,9603.494607
1/28/2022 23:00,179.2660977,0.400966613,,1000,51.61390634,948.3860937,13194.0705
1/29/2022 0:00,196.5731241,0.394619541,,1000,51.69147793,948.3085221,12224.94537
1/29/2022 1:00,196.2855913,0.346246909,,1000,51.75944121,948.2405588,13952.24844
1/29/2022 2:00,185.9248831,0.372902125,,1000,51.82877299,948.171227,13675.85214
1/29/2022 3:00,192.2218331,0.359343129,,1000,51.89784659,948.1021534,13725.97088
1/29/2022 4:00,188.8942415,0.523275644,,1000,51.99669035,948.0033097,9590.927638
1/29/2022 5:00,217.5227044,0.365468953,,1000,52.07618814,947.9238119,11923.90066
1/29/2022 6:00,209.3567839,0.418181055,,1000,52.16373718,947.8362628,10826.34664
1/29/2022 7:00,212.7155509,0.399405268,,1000,52.24869689,947.7513031,11155.30273
1/29/2022 8:00,207.2167206,0.335992187,,1000,52.31832009,947.6816799,13611.57904
1/29/2022 9:00,188.7094823,0.40498975,,1000,52.3947455,947.6052545,12399.08694
1/29/2022 10:00,194.7547973,0.458039267,,1000,52.48395084,947.5160492,10621.7408
1/29/2022 11:00,204.8937456,0.365845739,,1000,52.55891035,947.4410897,12639.3725
1/29/2022 12:00,187.7787219,0.48835809,,1000,52.6506136,947.3493864,10330.59684
1/29/2022 13:00,207.1299843,0.352876595,,1000,52.72370493,947.2762951,12960.17432
1/29/2022 14:00,197.596746,0.469898445,,1000,52.81655533,947.1834447,10201.17745
1/29/2022 15:00,196.2517919,0.439582425,,1000,52.90282417,947.0971758,10978.43892
1/29/2022 16:00,207.1095997,0.374458481,,1000,52.98037812,947.0196219,12211.10812
1/29/2022 17:00,204.4426331,0.38604836,,1000,53.05930286,946.9406971,11998.02062
1/29/2022 18:00,196.3903383,0.378777115,,1000,53.13369103,946.866309,12728.72235
1/29/2022 19:00,211.593298,0.422946852,,1000,53.22318375,946.7768163,10579.37254
1/29/2022 20:00,189.1893667,0.421727192,,1000,53.30297005,946.69703,11865.4083
1/29/2022 21:00,206.1593561,0.386119122,,1000,53.38257211,946.6174279,11891.86956
1/29/2022 22:00,205.9310126,0.363833727,,1000,53.45749676,946.5425032,12633.2593
1/29/2022 23:00,196.9045356,0.35228044,,1000,53.52686238,946.4731376,13644.7016
1/30/2022 0:00,203.2613302,0.343090823,,1000,53.59659948,946.4034005,13571.018
1/30/2022 1:00,187.4888642,0.443031908,,1000,53.67966303,946.320337,11392.72695
1/30/2022 2:00,209.2402702,0.373426463,,1000,53.75779888,946.2422011,12110.21769
1/30/2022 3:00,198.1509786,0.433483382,,1000,53.84369404,946.156306,11015.24633
1/30/2022 4:00,194.7727698,0.389733993,,1000,53.91960361,946.0803964,12463.25602
1/30/2022 5:00,210.4900923,0.364240119,,1000,53.99627254,946.0037275,12338.81378
1/30/2022 6:00,192.9565631,0.429968996,,1000,54.07923788,945.9207621,11401.39685
1/30/2022 7:00,185.915387,0.446526773,,1000,54.16225408,945.8377459,11393.41203
1/30/2022 8:00,184.4337083,0.429009025,,1000,54.2413778,945.7586222,11952.90816
1/30/2022 9:00,206.0600995,0.365489669,,1000,54.31669064,945.6833094,12556.73455
1/30/2022 10:00,187.1957065,0.471202403,,1000,54.40489771,945.5951023,10720.174
1/30/2022 11:00,217.5479418,0.338128006,,1000,54.47845676,945.5215432,12853.91152
1/30/2022 12:00,179.1807059,0.434462727,,1000,54.5563041,945.4436959,12144.84295
1/30/2022 13:00,216.9645637,0.368999827,,1000,54.63636398,945.363636,11808.20606
1/30/2022 14:00,202.1101747,0.365457766,,1000,54.71022672,945.2897733,12797.92578
1/30/2022 15:00,199.0328689,0.364676833,,1000,54.78280939,945.2171906,13022.62796
1/30/2022 16:00,194.5508091,0.437623494,,1000,54.8679494,945.1320506,11100.91611
1/30/2022 17:00,203.9913611,0.371610077,,1000,54.94375464,945.0562454,12466.89777
1/30/2022 18:00,199.623653,0.353462258,,1000,55.01431407,944.9856859,13392.76302
1/30/2022 19:00,211.0330188,0.347877164,,1000,55.08772764,944.9122724,12871.08497
1/30/2022 20:00,201.1422765,0.406458677,,1000,55.16948366,944.8305163,11556.70829
1/30/2022 21:00,201.5030176,0.430629876,,1000,55.25625688,944.7437431,10887.50365
1/30/2022 22:00,196.3638779,0.342303769,,1000,55.32347298,944.676527,14054.32019
1/30/2022 23:00,199.4305438,0.359659852,,1000,55.39520014,944.6047999,13169.4159
1/31/2022 0:00,203.0780177,0.406229708,,1000,55.47769646,944.5223035,11449.26536
1/31/2022 1:00,182.8983161,0.41956475,,1000,55.55443415,944.4455659,12307.45428
1/31/2022 2:00,186.5181458,0.499782011,,1000,55.64765256,944.3523474,10130.53437
1/31/2022 3:00,207.4326409,0.377927747,,1000,55.72604711,944.2739529,12045.14785
1/31/2022 4:00,201.7086544,0.339593348,,1000,55.79454603,944.205454,13784.2391
1/31/2022 5:00,198.1601666,0.371536271,,1000,55.86816972,944.1318303,12823.75061
1/31/2022 6:00,200.1843393,0.420412842,,1000,55.95232979,944.0476702,11217.28753
1/31/2022 7:00,203.4758171,0.35361645,,1000,56.02428218,943.9757178,13119.44798
1/31/2022 8:00,194.6024032,0.446310413,,1000,56.11113526,943.8888647,10867.65002
1/31/2022 9:00,192.2169527,0.400387156,,1000,56.18809646,943.8119035,12263.47711
1/31/2022 10:00,201.9584526,0.320531694,,1000,56.25283055,943.7471695,14578.82922
1/31/2022 11:00,190.2162722,0.319212171,,1000,56.31354989,943.6864501,15541.77478
1/31/2022 12:00,204.0825276,0.389726717,,1000,56.39308631,943.6069137,11863.83535
1/31/2022 13:00,182.974164,0.392929342,,1000,56.46498223,943.5350178,13123.62434
1/31/2022 14:00,210.2915564,0.391355707,,1000,56.54728103,943.452719,11463.7481
1/31/2022 15:00,204.7259748,0.421366129,,1000,56.63354562,943.3664544,10935.73202
1/31/2022 16:00,202.5602973,0.381029167,,1000,56.710727,943.289273,12221.72052
1/31/2022 17:00,209.8269098,0.421068994,,1000,56.79907861,943.2009214,10675.53796
1/31/2022 18:00,216.6547444,0.367720125,,1000,56.87874691,943.1212531,11838.09795
1/31/2022 19:00,210.1437007,0.358742826,,1000,56.95413446,943.0458655,12509.30593
1/31/2022 20:00,181.5912577,0.437418433,,1000,57.03356582,942.9664342,11871.46228
1/31/2022 21:00,187.2042303,0.485557975,,1000,57.12446433,942.8755357,10372.83852
1/31/2022 22:00,193.7518142,0.303586696,,1000,57.1832848,942.8167152,16028.71696
1/31/2022 23:00,200.2609105,0.318963529,,1000,57.24716073,942.7528393,14759.12583
2/1/2022 0:00,205.1765902,0.450227739,,1000,57.33953692,942.6604631,10204.58236
2/1/2022 1:00,192.7425619,0.406805997,,1000,57.41794575,942.5820542,12021.37634
2/1/2022 2:00,201.8676676,0.334023581,,1000,57.48537431,942.5146257,13977.97326
2/1/2022 3:00,192.4461707,0.379107724,,1000,57.55833214,942.4416679,12917.62203
2/1/2022 4:00,193.884822,0.436231429,,1000,57.6429108,942.3570892,11141.78408
2/1/2022 5:00,185.933389,0.330717333,,1000,57.70440219,942.2955978,15324.02389
2/1/2022 6:00,190.7676675,0.46615328,,1000,57.79332917,942.2066708,10595.28542
2/1/2022 7:00,186.4831539,0.391725745,,1000,57.86637942,942.1336206,12897.06181
2/1/2022 8:00,190.2412675,0.430434656,,1000,57.94826585,942.0517341,11504.3687
2/1/2022 9:00,210.536418,0.276636682,,1000,58.00650795,941.9934921,16173.75672
2/1/2022 10:00,190.5060111,0.394325049,,1000,58.08162924,941.9183708,12538.63376
2/1/2022 11:00,226.3238206,0.379564775,,1000,58.16753379,941.8324662,10963.70873
2/1/2022 12:00,204.933179,0.374506792,,1000,58.24428266,941.7557173,12270.61387
2/1/2022 13:00,201.8483612,0.318096858,,1000,58.30848999,941.69151,14666.41765
2/1/2022 14:00,191.4164222,0.296995565,,1000,58.36533982,941.6346602,16563.54442
2/1/2022 15:00,207.0030988,0.424112909,,1000,58.4531325,941.5468675,10724.66178
2/1/2022 16:00,194.2436217,0.367887723,,1000,58.52459235,941.4754077,13174.8876
2/1/2022 17:00,201.2200981,0.367641409,,1000,58.59856919,941.4014308,12725.62366
2/1/2022 18:00,225.6008454,0.338064455,,1000,58.67483681,941.3251632,12342.39482
2/1/2022 19:00,199.039401,0.452263515,,1000,58.76485507,941.2351449,10456.04697
2/1/2022 20:00,211.4927333,0.377159359,,1000,58.84462154,941.1553785,11798.8856
2/1/2022 21:00,192.9682357,0.451733908,,1000,58.93179183,941.0682082,10795.74419
2/1/2022 22:00,199.6501151,0.40506171,,1000,59.01266245,940.9873376,11635.71358
2/1/2022 23:00,217.7080064,0.404599218,,1000,59.10074694,940.8992531,10681.78134
2/2/2022 0:00,193.7303294,0.388272439,,1000,59.17596708,940.8240329,12507.60687
2/2/2022 1:00,218.1244856,0.372384287,,1000,59.25719322,940.7428068,11581.77542
2/2/2022 2:00,207.0775194,0.351189479,,1000,59.32991666,940.6700833,12934.89424
2/2/2022 3:00,194.3753322,0.448587423,,1000,59.41711099,940.582889,10787.20252
2/2/2022 4:00,206.3240774,0.36604839,,1000,59.49263559,940.5073644,12452.99427
2/2/2022 5:00,209.7255445,0.41358754,,1000,59.57937546,940.4206245,10841.84934
2/2/2022 6:00,206.2180996,0.40504417,,1000,59.6629029,940.3370971,11257.82269
2/2/2022 7:00,184.2977528,0.419360968,,1000,59.74019018,940.2598098,12165.77633
2/2/2022 8:00,192.7286282,0.368239703,,1000,59.81116052,940.1888395,13247.63184
2/2/2022 9:00,197.5248136,0.391822152,,1000,59.88855511,940.1114449,12146.99056
2/2/2022 10:00,199.2556657,0.323626455,,1000,59.95303952,940.0469605,14577.89624
2/2/2022 11:00,206.206721,0.320420453,,1000,60.01911237,939.9808876,14226.43149
2/2/2022 12:00,201.77701,0.360329948,,1000,60.09181867,939.9081813,12927.46555
2/2/2022 13:00,186.6465564,0.376866203,,1000,60.16215945,939.8378406,13361.20888
2/2/2022 14:00,203.8019785,0.397464918,,1000,60.24316358,939.7568364,11601.34376
2/2/2022 15:00,206.1058575,0.38058807,,1000,60.32160501,939.678395,11979.3633
2/2/2022 16:00,205.5979045,0.355501873,,1000,60.39469545,939.6053045,12855.37893
2/2/2022 17:00,210.8078073,0.322234692,,1000,60.46262504,939.537375,13831.04758
2/2/2022 18:00,208.3392215,0.441321718,,1000,60.55456967,939.4454303,10217.51351
2/2/2022 19:00,204.5918008,0.342484205,,1000,60.62463913,939.3753609,13406.34503
2/2/2022 20:00,199.2983429,0.346079715,,1000,60.69361224,939.3063878,13618.44258
2/2/2022 21:00,183.3903907,0.445732468,,1000,60.77535529,939.2246447,11489.96309
2/2/2022 22:00,204.2961822,0.349494643,,1000,60.84675571,939.1532443,13153.3292
2/2/2022 23:00,202.0768769,0.34425242,,1000,60.91632117,939.0836788,13499.28198
2/3/2022 0:00,202.7157884,0.432731647,,1000,61.0040427,938.9959573,10704.28071
2/3/2022 1:00,187.2325142,0.472924835,,1000,61.09258961,938.9074104,10603.50331
2/3/2022 2:00,189.1894346,0.393520836,,1000,61.16703959,938.8329604,12610.25058
2/3/2022 3:00,210.5315285,0.328659298,,1000,61.23623274,938.7637673,13567.2945
2/3/2022 4:00,199.6044485,0.443861467,,1000,61.32482946,938.6751705,10594.91972
2/3/2022 5:00,206.815007,0.355812071,,1000,61.39841674,938.6015833,12754.94401
2/3/2022 6:00,200.2831838,0.378205653,,1000,61.47416497,938.525835,12390.06914
2/3/2022 7:00,200.2975614,0.365104145,,1000,61.54729444,938.4527056,12832.75684
2/3/2022 8:00,209.3828381,0.395975483,,1000,61.63020491,938.3697951,11317.86842
2/3/2022 9:00,194.8395527,0.350403234,,1000,61.69847732,938.3015227,13743.49507
2/3/2022 10:00,200.9612078,0.356203902,,1000,61.77006049,938.2299395,13106.85163
2/3/2022 11:00,195.3772471,0.344057973,,1000,61.83728159,938.1627184,13956.37267
2/3/2022 12:00,195.6550377,0.409293476,,1000,61.91736192,938.0826381,11714.27032
2/3/2022 13:00,196.9082788,0.377049769,,1000,61.99160614,938.0083939,12634.09301
2/3/2022 14:00,202.2213377,0.434224826,,1000,62.07941566,937.9205843,10681.30802
2/3/2022 15:00,195.2125138,0.442211245,,1000,62.16574083,937.8342592,10863.97249
2/3/2022 16:00,212.5575613,0.39890759,,1000,62.25053166,937.7494683,11059.56304
2/3/2022 17:00,191.053927,0.346667201,,1000,62.31676379,937.6832362,14157.528
2/3/2022 18:00,198.1312836,0.361087993,,1000,62.38830661,937.6116934,13105.60019
2/3/2022 19:00,195.6026894,0.406733745,,1000,62.46786483,937.5321352,11784.22796
2/3/2022 20:00,214.4697788,0.293515736,,1000,62.53081508,937.4691849,14892.2222
2/3/2022 21:00,201.9655478,0.327703125,,1000,62.59699982,937.4030002,14163.43078
2/3/2022 22:00,210.3184454,0.394999556,,1000,62.68007552,937.3199245,11282.72175
2/3/2022 23:00,185.1443963,0.386089407,,1000,62.75155781,937.2484422,13111.61744
2/4/2022 0:00,202.6705027,0.411426552,,1000,62.83494183,937.1650582,11239.14378
2/4/2022 1:00,208.896308,0.350747682,,1000,62.90821173,937.0917883,12789.58812
2/4/2022 2:00,200.8228399,0.349598089,,1000,62.97841901,937.021581,13346.50149
2/4/2022 3:00,210.6548038,0.314755998,,1000,63.04472387,936.9552761,14131.01895
2/4/2022 4:00,194.8271155,0.384840069,,1000,63.11970115,936.8802988,12495.52253
2/4/2022 5:00,214.0934744,0.347459209,,1000,63.1940899,936.8059101,12593.38164
2/4/2022 6:00,222.9889812,0.38621796,,1000,63.28021225,936.7197877,10876.61675
2/4/2022 7:00,196.3716144,0.345723176,,1000,63.34810247,936.6518975,13796.56631
2/4/2022 8:00,195.5449748,0.388546245,,1000,63.42408074,936.5759193,12326.89259
2/4/2022 9:00,214.5338448,0.357446089,,1000,63.50076502,936.499235,12212.40114
2/4/2022 10:00,215.7957215,0.384876421,,1000,63.5838197,936.4161803,11274.69428
2/4/2022 11:00,194.7713997,0.495206912,,1000,63.68027185,936.3197282,9707.609343
2/4/2022 12:00,195.7981318,0.409636398,,1000,63.76047789,936.2395221,11672.93018
2/4/2022 13:00,197.1821539,0.412176013,,1000,63.84175164,936.1582484,11518.58012
2/4/2022 14:00,186.5554949,0.472811925,,1000,63.92995731,936.0700427,10612.35768
2/4/2022 15:00,190.8134805,0.41720799,,1000,64.00956621,935.9904338,11757.35793
2/4/2022 16:00,189.9585923,0.323222482,,1000,64.0709651,935.9290349,15243.42003
2/4/2022 17:00,192.3220243,0.435667412,,1000,64.15475354,935.8452465,11169.1453
2/4/2022 18:00,199.6531511,0.437550114,,1000,64.2421118,935.7578882,10711.72775
2/4/2022 19:00,202.3421473,0.418050234,,1000,64.32670098,935.673299,11061.3825
2/4/2022 20:00,215.5050049,0.371480391,,1000,64.40675687,935.5932431,11686.75182
2/4/2022 21:00,190.0164596,0.3926785,,1000,64.48137224,935.5186278,12537.87956
2/4/2022 22:00,209.843224,0.356754314,,1000,64.55623472,935.4437653,12495.49605
2/4/2022 23:00,197.8601116,0.470793797,,1000,64.64938603,935.350614,10041.19621
2/5/2022 0:00,199.5053629,0.422933282,,1000,64.73376349,935.2662365,11084.31398
2/5/2022 1:00,206.7481949,0.387034058,,1000,64.81378208,935.1862179,11687.1115
2/5/2022 2:00,188.7727798,0.485361031,,1000,64.90540503,935.094595,10205.89912
2/5/2022 3:00,203.8240975,0.380302457,,1000,64.98291984,935.0170802,12062.4322
2/5/2022 4:00,201.6645221,0.3923847,,1000,65.06204991,934.9379501,11815.20395
2/5/2022 5:00,204.9245126,0.382989894,,1000,65.14053393,934.8594661,11911.46296
2/5/2022 6:00,202.8916864,0.423369669,,1000,65.22643212,934.7735679,10882.34351
2/5/2022 7:00,224.5530014,0.371409528,,1000,65.30983324,934.6901668,11207.16507
2/5/2022 8:00,193.6226002,0.326493791,,1000,65.37304982,934.6269502,14784.52327
2/5/2022 9:00,194.6900304,0.376108759,,1000,65.44627444,934.5537256,12762.83376
2/5/2022 10:00,193.7685947,0.418281421,,1000,65.52732425,934.4726758,11529.61067
2/5/2022 11:00,194.4452288,0.407291311,,1000,65.6065201,934.3934799,11798.51537
2/5/2022 12:00,193.6261287,0.456004159,,1000,65.69481442,934.3051856,10581.71337
2/5/2022 13:00,211.8901653,0.391586949,,1000,65.77778784,934.2222122,11259.29454
2/5/2022 14:00,214.2050425,0.340462647,,1000,65.85071666,934.1492833,12809.05597
2/5/2022 15:00,194.2925371,0.419459378,,1000,65.93221448,934.0677855,11461.26004
2/5/2022 16:00,191.6764443,0.361186812,,1000,66.00144549,933.9985545,13491.04453
2/5/2022 17:00,204.7141556,0.370591672,,1000,66.07731085,933.9226892,12310.26486
2/5/2022 18:00,194.4777696,0.471804769,,1000,66.16906639,933.8309336,10177.3794
2/5/2022 19:00,206.3293182,0.412611532,,1000,66.25420024,933.7457998,10967.97259
2/5/2022 20:00,202.0292302,0.408657143,,1000,66.33676093,933.6632391,11308.81126
2/5/2022 21:00,184.8425589,0.366423863,,1000,66.40449166,933.5955083,13783.92918
2/5/2022 22:00,215.475052,0.446127311,,1000,66.50062096,933.499379,9710.871974
2/5/2022 23:00,217.9587767,0.325004525,,1000,66.57145855,933.4285414,13177.02308
2/6/2022 0:00,193.8721131,0.41770684,,1000,66.65244026,933.3475597,11525.41216
2/6/2022 1:00,196.1229844,0.333240195,,1000,66.71779632,933.2822037,14279.96398
2/6/2022 2:00,202.8586539,0.355124283,,1000,66.78983635,933.2101636,12954.04944
2/6/2022 3:00,203.3445679,0.379261571,,1000,66.86695713,933.1330429,12099.63176
2/6/2022 4:00,206.5854427,0.364733036,,1000,66.94230567,933.0576943,12383.22265
2/6/2022 5:00,220.1020454,0.324384121,,1000,67.01370328,932.9862967,13067.47265
2/6/2022 6:00,198.2305277,0.434268481,,1000,67.09978855,932.9002115,10836.93192
2/6/2022 7:00,192.0170276,0.486317048,,1000,67.1931697,932.8068303,9989.240757
2/6/2022 8:00,186.2068077,0.519997183,,1000,67.28999672,932.7100033,9632.745559
2/6/2022 9:00,192.6906996,0.419777947,,1000,67.37088403,932.629116,11529.98113
2/6/2022 10:00,199.6687303,0.346676087,,1000,67.4401044,932.5598956,13472.3325
2/6/2022 11:00,217.9455786,0.279516205,,1000,67.50102372,932.4989763,15307.11375
2/6/2022 12:00,194.823887,0.387727435,,1000,67.57656229,932.4234377,12343.67408
2/6/2022 13:00,202.2378795,0.394584061,,1000,67.65636213,932.3436379,11683.52711
2/6/2022 14:00,199.835771,0.358039523,,1000,67.72791123,932.2720888,13029.82196
2/6/2022 15:00,211.8839327,0.39970426,,1000,67.81260214,932.1873979,11006.9356
2/6/2022 16:00,225.2693243,0.371144985,,1000,67.89620972,932.1037903,11148.55604
2/6/2022 17:00,194.6913123,0.38856391,,1000,67.97185974,932.0281403,12320.26338
2/6/2022 18:00,195.1056056,0.388901648,,1000,68.04773663,931.9522634,12282.42546
2/6/2022 19:00,210.4416088,0.385366784,,1000,68.12883384,931.8711662,11490.79248
2/6/2022 20:00,206.8189149,0.315779644,,1000,68.19414304,931.805857,14267.6041
2/6/2022 21:00,218.4670733,0.348453592,,1000,68.27026868,931.7297313,12239.36871
2/6/2022 22:00,205.8392819,0.358170912,,1000,68.34399432,931.6560057,12636.79723
2/6/2022 23:00,196.4070791,0.357282286,,1000,68.41416709,931.5858329,13275.60293
2/7/2022 0:00,205.9065483,0.32765928,,1000,68.48163428,931.5183657,13806.98302
2/7/2022 1:00,211.0870358,0.363140295,,1000,68.55828849,931.4417115,12151.21426
2/7/2022 2:00,208.2048218,0.355844185,,1000,68.63237697,931.367623,12571.01893
2/7/2022 3:00,205.0727403,0.344665864,,1000,68.70305854,931.2969415,13175.95094
2/7/2022 4:00,210.6667469,0.424328982,,1000,68.79245055,931.2075495,10417.12329
2/7/2022 5:00,211.6929559,0.391967823,,1000,68.87542737,931.1245726,11221.5013
2/7/2022 6:00,213.8215899,0.38447974,,1000,68.95763744,931.0423626,11325.16213
2/7/2022 7:00,206.4870989,0.356209597,,1000,69.03119013,930.9688099,12657.16939
2/7/2022 8:00,198.3288192,0.389339597,,1000,69.10840739,930.8915926,12055.48554
2/7/2022 9:00,201.4671369,0.37545908,,1000,69.18405006,930.8159499,12305.43557
2/7/2022 10:00,212.0650897,0.373036312,,1000,69.26315804,930.736842,11765.39779
2/7/2022 11:00,191.8306433,0.380502709,,1000,69.33615012,930.6638499,12750.20328
2/7/2022 12:00,203.6867331,0.330184207,,1000,69.40340426,930.5965957,13837.01526
2/7/2022 13:00,196.0666119,0.408702797,,1000,69.48353723,930.5164628,11612.15455
2/7/2022 14:00,200.2874482,0.387169358,,1000,69.56108239,930.4389176,11998.67128
2/7/2022 15:00,212.7845186,0.347473586,,1000,69.63501939,930.3649806,12583.21252
2/7/2022 16:00,201.9109907,0.449128419,,1000,69.72570336,930.2742966,10258.42118
2/7/2022 17:00,200.4643655,0.421452364,,1000,69.81018954,930.1898105,11009.96402
2/7/2022 18:00,186.4014386,0.400496522,,1000,69.88484267,930.1151573,12459.15858
2/7/2022 19:00,207.4625357,0.367587887,,1000,69.96110338,930.0388966,12195.51764
2/7/2022 20:00,206.4548418,0.310217591,,1000,70.02514931,929.9748507,14520.43782
2/7/2022 21:00,221.6325472,0.348822303,,1000,70.10245968,929.8975403,12028.1079
2/7/2022 22:00,196.9222177,0.380601949,,1000,70.17740866,929.8225913,12406.07402
2/7/2022 23:00,202.1915033,0.389241294,,1000,70.25610994,929.7438901,11813.57994
2/8/2022 0:00,202.4938368,0.420606584,,1000,70.34128018,929.6587198,10915.29987
2/8/2022 1:00,215.7745328,0.389044491,,1000,70.42522608,929.5747739,11073.49911
2/8/2022 2:00,199.0470447,0.373491795,,1000,70.49956852,929.5004315,12502.95869
2/8/2022 3:00,202.7902153,0.417870741,,1000,70.58430861,929.4156914,10967.83835
2/8/2022 4:00,206.0789651,0.46375815,,1000,70.67987941,929.3201206,9723.891854
2/8/2022 5:00,201.8660912,0.392821817,,1000,70.75917682,929.2408232,11718.42666
2/8/2022 6:00,195.5356639,0.34041099,,1000,70.82573931,929.1742607,13959.42783
2/8/2022 7:00,201.9408999,0.412979114,,1000,70.90913668,929.0908633,11140.52901
2/8/2022 8:00,210.7363175,0.398951458,,1000,70.99321024,929.0067898,11049.9279
2/8/2022 9:00,189.734847,0.358494338,,1000,71.06122911,928.9387709,13657.07477
2/8/2022 10:00,201.3296967,0.393842394,,1000,71.14052128,928.8594787,11714.391
2/8/2022 11:00,192.9987919,0.375250509,,1000,71.21294417,928.7870558,12824.49505
2/8/2022 12:00,211.9504663,0.371111038,,1000,71.29160133,928.7083987,11807.04247
2/8/2022 13:00,184.768131,0.498237809,,1000,71.3836598,928.6163402,10087.24513
2/8/2022 14:00,194.4107815,0.377965227,,1000,71.45714032,928.5428597,12636.58615
2/8/2022 15:00,203.7721188,0.368955399,,1000,71.53232314,928.4676769,12349.46543
2/8/2022 16:00,215.6552403,0.338328554,,1000,71.60528546,928.3947145,12724.30266
2/8/2022 17:00,199.3424974,0.398755799,,1000,71.68477444,928.3152256,11678.54039
2/8/2022 18:00,194.4480047,0.370155034,,1000,71.75675035,928.2432497,12896.58274
2/8/2022 19:00,218.8115707,0.320139224,,1000,71.82680052,928.1731995,13250.12124
2/8/2022 20:00,185.519861,0.477729997,,1000,71.91542892,928.0845711,10471.63826
2/8/2022 21:00,178.0119404,0.41976784,,1000,71.99015261,928.0098474,12419.21908
2/8/2022 22:00,204.4001445,0.424855323,,1000,72.0769931,927.9230069,10685.37283
2/8/2022 23:00,194.9794578,0.381206857,,1000,72.1513206,927.8486794,12483.2478
2/9/2022 0:00,189.7876718,0.333523602,,1000,72.21461927,927.7853807,14657.26547
2/9/2022 1:00,207.0835645,0.435958278,,1000,72.30489906,927.6951009,10275.77776
2/9/2022 2:00,202.4380071,0.351127581,,1000,72.37598063,927.6240194,13050.13451
2/9/2022 3:00,194.3592137,0.336714734,,1000,72.44142424,927.5585758,14173.40152
2/9/2022 4:00,187.196956,0.387358001,,1000,72.51393648,927.4860635,12790.75201
2/9/2022 5:00,208.7245733,0.309630982,,1000,72.57856408,927.4214359,14350.2391
2/9/2022 6:00,206.5020118,0.337034575,,1000,72.64816239,927.3518376,13324.34269
2/9/2022 7:00,199.0082414,0.381488179,,1000,72.72408169,927.2759183,12213.96957
2/9/2022 8:00,218.46637,0.412322505,,1000,72.81416029,927.1858397,10293.0755
2/9/2022 9:00,189.2991523,0.421623975,,1000,72.89397335,927.1060267,11615.96878
2/9/2022 10:00,184.7447483,0.391674252,,1000,72.96633311,927.0336669,12811.45285
2/9/2022 11:00,193.0809193,0.430569851,,1000,73.04946793,926.9505321,11149.96702
2/9/2022 12:00,199.5441398,0.350233677,,1000,73.11935501,926.880645,13262.54686
2/9/2022 13:00,202.4333945,0.393637952,,1000,73.19904048,926.8009595,11630.74016
2/9/2022 14:00,197.5876394,0.434988565,,1000,73.28498884,926.7150112,10782.22983
2/9/2022 15:00,203.520554,0.364867443,,1000,73.35924686,926.6407531,12478.66159
2/9/2022 16:00,187.4846058,0.407267669,,1000,73.43560328,926.5643967,12134.72837
2/9/2022 17:00,214.437646,0.3714063,,1000,73.51524677,926.4847532,11632.89959
2/9/2022 18:00,199.1784882,0.356446898,,1000,73.58624333,926.4137567,13048.71435
2/9/2022 19:00,211.1729583,0.388810846,,1000,73.66834967,926.3316503,11282.09697
2/9/2022 20:00,203.4272535,0.433913737,,1000,73.75661955,926.2433805,10493.31191
2/9/2022 21:00,204.5675322,0.408513859,,1000,73.84018822,926.1598118,11082.61972
2/9/2022 22:00,205.6976728,0.41973275,,1000,73.92652627,926.0734737,10726.13378
2/9/2022 23:00,204.4770856,0.375433279,,1000,74.00329377,925.9967062,12062.35286
2/10/2022 0:00,206.4272276,0.339052304,,1000,74.0732834,925.9267166,13229.48492
2/10/2022 1:00,213.2915253,0.336785761,,1000,74.14511695,925.8548831,12888.89247
2/10/2022 2:00,201.9652117,0.380924087,,1000,74.22205036,925.7779496,12033.49629
2/10/2022 3:00,207.0900376,0.414978924,,1000,74.30798836,925.6920116,10771.62607
2/10/2022 4:00,199.1026431,0.370486883,,1000,74.38175328,925.6182467,12548.21772
2/10/2022 5:00,214.4011722,0.379545107,,1000,74.46312819,925.5368718,11373.73677
2/10/2022 6:00,193.236077,0.332031378,,1000,74.52728863,925.4727114,14424.35086
2/10/2022 7:00,218.0094043,0.324042098,,1000,74.59793286,925.4020671,13099.47232
2/10/2022 8:00,199.5984205,0.386557163,,1000,74.67508906,925.3249109,11992.87834
2/10/2022 9:00,185.692249,0.360850358,,1000,74.74209617,925.2579038,13808.35319
2/10/2022 10:00,201.2810441,0.412713054,,1000,74.82516749,925.1748325,11137.11561
2/10/2022 11:00,193.1894834,0.452448592,,1000,74.9125758,925.0874242,10583.51805
2/10/2022 12:00,208.4064355,0.390511716,,1000,74.99396095,925.006039,11365.78337
2/10/2022 13:00,193.4737602,0.442211055,,1000,75.07951719,924.9204828,10810.67296
2/10/2022 14:00,195.5381657,0.364940424,,1000,75.15087697,924.849123,12960.36941
2/10/2022 15:00,181.1045927,0.429656707,,1000,75.22868977,924.7713102,11884.56495
2/10/2022 16:00,195.4769368,0.378603713,,1000,75.30269807,924.6973019,12494.50907
2/10/2022 17:00,175.7612067,0.383758994,,1000,75.37014801,924.629852,13708.38579
2/10/2022 18:00,184.1609718,0.474741437,,1000,75.45757685,924.5424231,10574.79862
2/10/2022 19:00,207.6041466,0.356182178,,1000,75.53152175,924.4684782,12502.12677
2/10/2022 20:00,207.8580016,0.383260582,,1000,75.61118553,924.3888145,11603.62751
2/10/2022 21:00,204.2545756,0.328243556,,1000,75.67823078,924.3217692,13786.5366
2/10/2022 22:00,190.3302386,0.394819091,,1000,75.75337679,924.2466232,12299.34367
2/10/2022 23:00,199.5228864,0.342348935,,1000,75.82168324,924.1783168,13529.88403
2/11/2022 0:00,199.9639746,0.387235351,,1000,75.89911636,924.1008836,11934.1812
2/11/2022 1:00,188.4163531,0.452567026,,1000,75.98438739,924.0156126,10836.21986
2/11/2022 2:00,215.033983,0.291720743,,1000,76.04711726,923.9528827,14729.07299
2/11/2022 3:00,208.7736229,0.352636678,,1000,76.1207385,923.8792615,12549.08641
2/11/2022 4:00,197.7903583,0.4387484,,1000,76.2075187,923.7924813,10645.1984
2/11/2022 5:00,200.2688584,0.358397115,,1000,76.27929448,923.7207055,12869.53191
2/11/2022 6:00,202.0838281,0.369346508,,1000,76.35393344,923.6460666,12374.85238
2/11/2022 7:00,179.5826513,0.361410623,,1000,76.41883651,923.5811635,14230.15972
2/11/2022 8:00,197.5282262,0.474057028,,1000,76.51247616,923.4875238,9862.142638
2/11/2022 9:00,193.1801575,0.431200922,,1000,76.59577562,923.4042244,11085.35639
2/11/2022 10:00,189.9837999,0.47353545,,1000,76.68573968,923.3142603,10263.14528
2/11/2022 11:00,197.1889971,0.417400024,,1000,76.76804638,923.2319536,11216.97312
2/11/2022 12:00,217.9768653,0.305432962,,1000,76.8346237,923.1653763,13866.06401
2/11/2022 13:00,206.4084286,0.352473355,,1000,76.90737717,923.0926228,12687.95296
2/11/2022 14:00,194.2882101,0.396063093,,1000,76.98432756,923.0156724,11994.94479
2/11/2022 15:00,205.7258278,0.347770195,,1000,77.05587287,922.9441271,12900.13434
